Workbook

Sheet Recap
A1: Avancement | B1: ='avancement projet'!D2 -> 0.98773006

Sheet liste des taches
A1: Module | B1: Nom page / Fichier | C1: Description | D1: Type | E1: Estimation | F1: Temps passé | G1: Reste à faire | H1: Avancement | I1: Qui | J1: Status
A2: Migrations | B2: CreateRhSchema.php | C2: Table departements | D2: Base | E2: 10 | F2: =detail!B2 -> 0 | G2: =E2-F2 -> 10 | H2: 1 | I2: duo | J2: OK
A3: Migrations | B3: CreateRhSchema.php | C3: Table employees | D3: Base | E3: 10 | F3: 10 | G3: 0 | H3: 1 | I3: duo | J3: OK
A4: Migrations | B4: CreateRhSchema.php | C4: Table types_conge | D4: Base | E4: 10 | F4: 10 | G4: 0 | H4: 1 | I4: duo | J4: OK
A5: Migrations | B5: CreateRhSchema.php | C5: Table soldes | D5: Base | E5: 10 | F5: 10 | G5: 0 | H5: 1 | I5: duo | J5: OK
A6: Migrations | B6: CreateRhSchema.php | C6: Table conges | D6: Base | E6: 10 | F6: 10 | G6: 0 | H6: 1 | I6: duo | J6: OK
A7: Seeders | B7: RhSeeder.php | C7: 3 départements | D7: Base | E7: 5 | F7: 5 | G7: 0 | H7: 1 | I7: duo | J7: OK
A8: Seeders | B8: RhSeeder.php | C8: 4 employés | D8: Base | E8: 5 | F8: 5 | G8: 0 | H8: 1 | I8: duo | J8: OK
A9: Seeders | B9: RhSeeder.php | C9: 4 types de congé | D9: Base | E9: 5 | F9: 5 | G9: 0 | H9: 1 | I9: duo | J9: OK
A10: Seeders | B10: RhSeeder.php | C10: 7 soldes 2025/2026 | D10: Base | E10: 5 | F10: 5 | G10: 0 | H10: 1 | I10: duo | J10: OK
A11: Seeders | B11: RhSeeder.php | C11: 10 demandes historique | D11: Base | E11: 5 | F11: 5 | G11: 0 | H11: 1 | I11: duo | J11: OK
A12: Config | B12: Database.php | C12: SQLite3 + RH.db racine | D12: Config | E12: 10 | F12: 10 | G12: 0 | H12: 1 | I12: duo | J12: OK
A13: Models | B13: EmployeeModel.php | C13: Auth + hashPassword hook | D13: Modèle | E13: 20 | F13: 20 | G13: 0 | H13: 1 | I13: Ny Aina | J13: OK
A14: Models | B14: DepartmentModel.php | C14: CRUD basique | D14: Modèle | E14: 10 | F14: 10 | G14: 0 | H14: 1 | I14: Harena | J14: OK
... A65: Tests | B65: repo | C65: Tests visuels + unitaires graphiques | D65: Task | E65: 5 | F65: 5 | G65: 0 | H65: 1 | I65: tous | J65: OK

Sheet avancement projet
A1: estimation total | B1: temps passé total | C1: reste à faire total | D1: avancement | E1: dépassement
A2: =SUM('liste des taches'!E2:E57) -> 815 | B2: =SUM('liste des taches'!F2:F57) -> 805 | C2: =SUM('liste des taches'!G2:G57) -> 10 | D2: =(B2/(B2+C2)) -> 0.98773006 | E2: =((B2+C2)-A2)/A2 -> 0
D3: heure

Sheet detail
A1: Ligne | B1: Total
A2: 1 | B2: =SUM(C2:Z2) -> 0
A3: 2 | B3: =SUM(C3:Z3) -> 0
A4: 3 | B4: =SUM(C4:Z4) -> 0
A5: 4 | B5: =SUM(C5:Z5) -> 0
A6: 5 | B6: =SUM(C6:Z6) -> 0
A7: 6 | B7: =SUM(C7:Z7) -> 0
A8: 7 | B8: =SUM(C8:Z8) -> 0
A9: 8 | B9: =SUM(C9:Z9) -> 0
A10: 9 | B10: =SUM(C10:Z10) -> 0
A11: 10 | B11: =SUM(C11:Z11) -> 0
A12: 11 | B12: =SUM(C12:Z12) -> 0
A13: 12 | B13: =SUM(C13:Z13) -> 0
... A68: 67 | B68: =SUM(C68:Z68) -> 0
